{
  "rte": {
    "task": "rte",
    "osmotic": 0.5812274368231047,
    "bert_base": 0.6209386281588448,
    "improvement": -0.03971119133574008
  }
}