{
  "num_heads": {
    "1": 0.555045871559633,
    "2": 0.4873853211009174,
    "4": 0.5814220183486238,
    "8": 0.555045871559633
  },
  "lambda_lr": {
    "1": 0.573394495412844,
    "5": 0.573394495412844,
    "10": 0.5688073394495413,
    "20": 0.5596330275229358,
    "50": 0.5481651376146789
  }
}