{"train/step":4200,"lambda/layer0_head1":-0.0019143474055454135,"_step":423,"_runtime":1533,"_wandb":{"runtime":1533},"epoch/train_acc":0.8357779097387174,"lambda/layer0_head3":-0.006045426242053509,"lambda/layer0_head2":0.01424993947148323,"lambda/layer1_head2":-0.0035931558813899755,"epoch":1,"best/val_acc":0.8102272727272727,"lambda/layer0_head0":-0.00523368688300252,"lambda/layer1_head0":-0.0031362283043563366,"train/loss":0.36418717779561444,"epoch/train_loss":0.36383934335920276,"model/total_params":4339020,"train/accuracy":0.8355599857176863,"_timestamp":1.777971498564937e+09,"epoch/val_acc":0.8102272727272727,"lambda/layer1_head3":-0.0035685421898961067,"train/elapsed_sec":1492.2719416618347,"train/lr":4.750593824228029e-07,"epoch/val_loss":0.451739271662452,"lambda/layer1_head1":0.0003832956135738641}