{"ablation/sst2/No Osmosis":0.7170454545454545,"comparison/sst2/osmotic":0.8079545454545455,"comparison/sst2/vanilla":0.7113636363636363,"comparison/sst2/improvement":0.09659090909090917,"ablation/sst2/No Membrane":0.8068181818181818,"_wandb":{"runtime":8249},"_timestamp":1.7779800599771233e+09,"_runtime":8249,"ablation/sst2/Full Osmotic":0.821590909090909,"_step":4,"ablation/sst2/Fixed Lambda":0.8068181818181818}